Word,American,English
aachen%0A,"ˈɑkən, ˈɑūən",ˈɑ:kən
aardvark%0A,ˈɑrdvɑrk,ˈɑ:dvɑ:k
aaron%0A,"ˈɛrən, ˈær-",ˈɛərən
abacus%0A,ˈæbəkəs,ˈæbəkəs
aback%0A,əˈbæk,əˈbæk
abalone%0A,ˌæbəˈloʊni,ˌæbəˈləʊni
abandoned%0A,əˈbændənd,əˈbændənd
abandon%0A,əˈbændən,əˈbændən
abandonment%0A,əˈbændənmənt,əˈbændənmənt
abash%0A,əˈbæʃ,ə'bæʃ
abate%0A,əˈbet,əˈbeɪt
abatement%0A,əˈbetmənt,ə'beɪtmənt
abating%0A,ə'beɪtɪŋ,ə'beɪtɪŋ
abbado%0A,əˈbɑdo,əˈbɑ:dəʊ
abbe%0A,'æbeɪ,'æbeɪ
abbey%0A,ˈæbi,ˈæbi
abbot%0A,'æbət,ˈæbət
abbott%0A,ˈæbət,ˈæbət
abbreviate%0A,əˈbriviˌet,əˈbri:vieɪt
abbreviated%0A,ə'brivɪeɪtɪd,ə'bri:vɪeɪtɪd
abbreviation%0A,əˌbriviˈeʃən,əˌbri:viˈeɪʃn
abbreviations%0A,əbriv'ɪeɪʃnz,əbri:v'ɪeɪʃnz
abdication%0A,ˌæbdɪ'keɪʃn,ˌæbdɪ'keɪʃn
abdomen%0A,ˈæbdəmən,ˈæbdəmən
abduct%0A,æbˈdʌkt,æbˈdʌkt
abdominal%0A,æbˈdɑmɪnl,æbˈdɒmɪnl
abdicate%0A,ˈæbdɪˌket,ˈæbdɪkeɪt
abduction%0A,æb'dʌkʃn,æb'dʌkʃn
abductor%0A,æbˈdʌktɚ,æbˈdʌktə(r)
abed%0A,əˈbɛd,əˈbed
abee%0A,ə'bi,ə'bi:
abele%0A,ə'bil,ə'bi:l
abelard%0A,ˈæbəˌlɑrd,ˈæbəˌlɑ:d
abend%0A,ə'bend,ə'bend
aber%0A,'æbə,'æbə
abernathy%0A,ˈæbɚˌnæθi,ˈæbəˌnæθi:
aberrant%0A,"æˈbɛrənt, ˈæbə-",æˈberənt
aberration%0A,ˌæbəˈreʃən,ˌæbəˈreɪʃn
aberrations%0A,æbə'reɪʃnz,æbə'reɪʃnz
abet%0A,əˈbɛt,əˈbet
abeyance%0A,əˈbeəns,əˈbeɪəns
abhor%0A,æbˈhɔr,əbˈhɔ:(r)
abhorrence%0A,əbˈhɔrəns,əbˈhɒrəns
abhorrent%0A,əbˈhɔrənt,əbˈhɒrənt
abide%0A,əˈbaɪd,əˈbaɪd
abidjan%0A,ˌæbɪˈdʒɑn,ˌæbiˈdʒɑ:n
abiding%0A,əˈbaɪdɪŋ,əˈbaɪdɪŋ
abilene%0A,ˈæbəˌlin,ˈæbəˌli:n
ability%0A,əˈbɪlɪti,əˈbɪləti
abject%0A,"ˈæbˌdʒɛkt, æbˈdʒɛkt",ˈæbdʒekt
abkhazia%0A,"æbˈkeʒə, -ziə, -ˈkɑ-, ɑb-","æbˈkeɪʒə, -zi:ə, -ˈkɑ:-, ɑ:b-"
ablaze%0A,əˈblez,əˈbleɪz
abkhazian%0A,"æbˈkeʒən, -ziən, -ˈkɑ-, ɑb-","æbˈkeɪʒən, -zi:ən, -ˈkɑ:-, ɑ:b-"
able%0A,ˈebəl,ˈeɪbl
abloom%0A,ə'blum,ə'blu:m
ably%0A,ˈeɪbli,ˈeɪbli
abnormality%0A,ˌæbnɔrˈmæləti,ˌæbnɔ:ˈmæləti
abnormal%0A,æbˈnɔrml,æbˈnɔ:ml
abnormalities%0A,ˌæbnɔ'mælɪtɪz,ˌæbnɔ:'mælɪtɪz
abnormally%0A,æb'nɔməlɪ,æb'nɔ:məlɪ
aboard%0A,əˈbɔrd,əˈbɔ:d
abode%0A,əˈboʊd,əˈbəʊd
abolish%0A,əˈbɑlɪʃ,əˈbɒlɪʃ
abolition%0A,ˌæbəˈlɪʃən,ˌæbəˈlɪʃn
abominable%0A,əˈbɑmɪnəbl,əˈbɒmɪnəbl
abomination%0A,əˌbɑmɪˈneɪʃn,əˌbɒmɪˈneɪʃn
aboriginal%0A,ˌæbəˈrɪdʒənəl,ˌæbəˈrɪdʒənl
aborigines%0A,ˌæbə'rɪdʒɪniz,ˌæbə'rɪdʒɪni:z
aborigine%0A,ˌæbə'rɪdʒənɪ,ˌæbəˈrɪdʒəni
abort%0A,əˈbɔrt,əˈbɔ:t
aborted%0A,ə'bɔtɪd,ə'bɔ:tɪd
abortifacient%0A,əˌbɔtə'feɪʃənt,əˌbɔ:tə'feɪʃənt
aborting%0A,ə'bɔtɪŋ,ə'bɔ:tɪŋ
abortion%0A,əˈbɔrʃn,əˈbɔ:ʃn
abortionist%0A,əˈbɔrʃənɪst,əˈbɔ:ʃənɪst
abortions%0A,ə'bɔʃnz,ə'bɔ:ʃnz
abortive%0A,əˈbɔrtɪv,əˈbɔ:tɪv
abound%0A,əˈbaʊnd,əˈbaʊnd
abounding%0A,ə'baʊndɪŋ,ə'baʊndɪŋ
above%0A,əˈbʌv,əˈbʌv
about%0A,əˈbaʊt,əˈbaʊt
aboveboard%0A,ə'bʌv'boʊrd,ə'bʌv'bɔ:d
abra%0A,ə'brɑ,ə'brɑ:
abracadabra%0A,ˌæbrəkəˈdæbrə,ˌæbrəkəˈdæbrə
abraham%0A,'eɪbrəˌhæm,'eɪbrəˌhæm
abrasion%0A,əˈbreʒən,əˈbreɪʒn
abrasive%0A,əˈbresɪv,əˈbreɪsɪv
abrasions%0A,əb'reɪʒnz,əb'reɪʒnz
abrasives%0A,əb'reɪsɪvz,əb'reɪsɪvz
abraxas%0A,ə'bræksəs,ə'bræksəs
abreast%0A,əˈbrɛst,əˈbrest
abridge%0A,əˈbrɪdʒ,əˈbrɪdʒ
abridged%0A,ə'brɪdʒd,ə'brɪdʒd
abridgement%0A,ə'brɪdʒmənt,ə'brɪdʒmənt
abrogate%0A,ˈæbrəˌɡet,ˈæbrəgeɪt
abruptly%0A,ə'brʌptlɪ,ə'brʌptlɪ
abruptness%0A,ə'brʌptnəs,ə'brʌptnəs
abroad%0A,əˈbrɔd,əˈbrɔ:d
abrol%0A,əb'rɒl,əb'rɒl
abrogation%0A,ˌæbrə'ɡeɪʃn,ˌæbrə'ɡeɪʃn
abrupt%0A,əˈbrʌpt,əˈbrʌpt
absalom%0A,ˈæbsələm,ˈæbsələm
abscond%0A,əbˈskɑnd,əbˈskɒnd
abscess%0A,ˈæbˌsɛs,ˈæbses
absence%0A,ˈæbsəns,ˈæbsəns
absentee%0A,ˌæbsənˈti,ˌæbsənˈti:
absent%0A,ˈæbsənt,ˈæbsənt
absenteeism%0A,ˌæbsənˈtiˌɪzəm,ˌæbsənˈti:ɪzəm
absinthe%0A,ˈæbsɪnθ,ˈæbsɪnθ
absolutely%0A,"ˈæbsəˌlutli, ˌæbsəˈlutli",ˈæbsəlu:tli
absolute%0A,ˈæbsəˌlut,ˈæbsəlu:t
absoluteness%0A,'æbsəˌlutnɪs,'æbsəlu:tnɪs
absolution%0A,ˌæbsəˈluʃən,ˌæbsəˈlu:ʃn
absolutism%0A,ˈæbsəˌluˌtɪzəm,ˈæbsəlu:tɪzəm
absolutist%0A,'æbsəlutɪst,'æbsəlu:tɪst
absolve%0A,əbˈzɑlv,əbˈzɒlv
absorb%0A,əbˈsɔrb,əbˈsɔ:b
absorbed%0A,əbˈsɔrbd,əbˈsɔ:bd
absorbency%0A,əb'zɔbənsɪ,əb'zɔ:bənsɪ
absorbent%0A,əbˈsɔrbənt,əbˈsɔ:bənt
absorber%0A,əb'sɔbə,əb'sɔ:bə
absorbing%0A,əbˈsɔrbɪŋ,əbˈsɔ:bɪŋ
absorption%0A,əbˈsɔrpʃn,əbˈsɔ:pʃn
abstain%0A,"æbˈsten, əb-",əbˈsteɪn
abstention%0A,"æbˈstɛnʃən, əb-",əbˈstenʃn
abstinent%0A,ˈæbstɪnənt,ˈæbstɪnənt
abstinence%0A,ˈæbstənəns,ˈæbstɪnəns
abstracted%0A,"æbˈstræktɪd, ˈæbˌstræk-",æbˈstræktɪd
abstract%0A,ˈæbˌstrækt,ˈæbstrækt
absurd%0A,əbˈsɜrd,əbˈsɜ:d
abstruse%0A,"æbˈstrus, əb-",əbˈstru:s
abstraction%0A,"æbˈstrækʃən, əb-",æbˈstrækʃn
absurdly%0A,əb'sɜdlɪ,əb'sɜ:dlɪ
absurdist%0A,əb'sɜdɪst,əb'sɜ:dɪst
absurdity%0A,əb'sɜdətɪ,əb'sɜ:dətɪ
abundance%0A,əˈbʌndəns,əˈbʌndəns
abundant%0A,əˈbʌndənt,əˈbʌndənt
abundantly%0A,əˈbʌndəntli,əˈbʌndəntli
abuse%0A,əˈbjuz,əˈbju:s
abut%0A,əˈbʌt,əˈbʌt
abusive%0A,"əˈbjusɪv, -zɪv",əˈbju:sɪv
abutting%0A,ə'bʌtɪŋ,ə'bʌtɪŋ
abysmally%0A,ə'bɪzməlɪ,ə'bɪzməlɪ
abuzz%0A,əˈbʌz,ə'bʌz
abysmal%0A,əˈbɪzməl,əˈbɪzməl
abyss%0A,əˈbɪs,əˈbɪs
abyssinia%0A,ˌæbɪˈsɪniə,ˌæbiˈsinjə
abzug%0A,"ˈæbˌzʊɡ, -ˌzʌɡ","ˈæbˌzʊg, -ˌzʌg"
acacia%0A,ə'keɪʃə,əˈkeɪʃə
academe%0A,ˈækəˌdim,'ækədi:m
academia%0A,ˌækəˈdimiə,ˌækəˈdi:miə
academic%0A,ˌækəˈdɛmɪk,ˌækəˈdemɪk
academically%0A,ˌækə'demɪklɪ,ˌækə'demɪklɪ
academics%0A,ækə'demɪks,ækə'demɪks
academician%0A,ˌækədəˈmɪʃn,əˌkædəˈmɪʃn
academicians%0A,əkædə'mɪʃnz,əkædə'mɪʃnz
academy%0A,əˈkædəmi,əˈkædəmi
acadia%0A,əˈkediə,əˈkeidjə
acantha%0A,ə'kænθə,ə'kænθə
accede%0A,ækˈsid,əkˈsi:d
accel%0A,æk'səl,æk'səl
accelerant%0A,æk'selərənt,æk'selərənt
accelerate%0A,ækˈsɛləˌret,əkˈseləreɪt
accelerated%0A,æk'seləˌreɪtɪd,æk'seləreɪtɪd
accelerating%0A,æk'sæləreɪtɪŋ,æk'sæləreɪtɪŋ
acceleration%0A,ækˌsɛləˈreʃən,əkˌseləˈreɪʃn
accelerometer%0A,əkˌseləˈrɑmɪtə(r),əkˌseləˈrɒmɪtə(r)
accelerator%0A,ækˈsɛləˌretɚ,əkˈseləreɪtə(r)
accelerators%0A,ək'seləreɪtəz,ək'seləreɪtəz
accent%0A,ˈækˌsɛnt,ˈæksent
accentuate%0A,ækˈsɛntʃuˌet,əkˈsentʃueɪt
acceptability%0A,əkˌseptə'bɪlətɪ,əkˌseptə'bɪlətɪ
acceptable%0A,ækˈsɛptəbəl,əkˈseptəbl
acceptably%0A,ək'septəblɪ,ək'septəblɪ
accept%0A,ækˈsɛpt,əkˈsept
acceptance%0A,ækˈsɛptəns,əkˈseptəns
accepted%0A,əkˈseptɪd,ək'septɪd
accepting%0A,ək'septɪŋ,ək'septɪŋ
access%0A,ˈæksɛs,ˈækses
accessibility%0A,əkˌsesə'bɪlətɪ,əkˌsesə'bɪlətɪ
accessible%0A,ækˈsɛsəbəl,əkˈsesəbl
accessing%0A,'æksesɪŋ,'æksesɪŋ
accession%0A,ækˈsɛʃən,ækˈseʃn
accessories%0A,ək'sesərɪz,ək'sesərɪz
accessorize%0A,ækˈsɛsəˌraɪz,əkˈsesəraɪz
accessory%0A,ækˈsɛsəri,əkˈsesəri
accident%0A,"ˈæksɪdənt, -ˌdɛnt",ˈæksɪdənt
accidentally%0A,ˌæksɪ'dentəlɪ,ˌæksɪ'dentəlɪ
accidental%0A,ˌæksɪˈdɛntl,ˌæksɪˈdentl
accidently%0A,æksɪ'dentlɪ,æksɪ'dentlɪ
accidents%0A,'æksɪdənts,'æksɪdənts
acclaim%0A,əˈklem,əˈkleɪm
acclimate%0A,"əˈklaɪmɪt, ˈækləˌmet",ˈækləmeɪt
acclimation%0A,ˌæklə'meɪʃn,ˌæklə'meɪʃn
acclamation%0A,ˌækləˈmeʃən,ˌækləˈmeɪʃn
acco%0A,'ækoʊ,'ækəʊ
accolade%0A,"ˈækəˌled, -ˌlɑd",ˈækəleɪd
accommodate%0A,əˈkɑmədeɪt,əˈkɒmədeɪt
accommodation%0A,əˌkɑməˈdeɪʃn,əˌkɒməˈdeɪʃn
accommodating%0A,əˈkɑmədeɪtɪŋ,əˈkɒmədeɪtɪŋ
accommodations%0A,əkɒmə'deɪʃnz,əkɒmə'deɪʃnz
accommodative%0A,ə'kɒməˌdeɪtɪv,ə'kɒmə'deɪtɪv
accompanist%0A,"əˈkʌmpənɪst, əˈkʌmpnɪst",əˈkʌmpənɪst
accompaniment%0A,"əˈkʌmpənimənt, əˈkʌmpni-",əˈkʌmpənimənt
accompaniments%0A,ə'kʌmpənɪmənts,ə'kʌmpənɪmənts
accompany%0A,"əˈkʌmpəni, əˈkʌmpni",əˈkʌmpəni
accompanying%0A,ə'kʌmpənɪɪŋ,ə'kʌmpənɪɪŋ
accomplice%0A,əˈkɑmplɪs,əˈkʌmplɪs
accomplished%0A,əˈkɑmplɪʃt,əˈkʌmplɪʃt
accomplish%0A,əˈkɑmplɪʃ,əˈkʌmplɪʃ
accomplishment%0A,əˈkɑmplɪʃmənt,əˈkʌmplɪʃmənt
accomplishments%0A,ə'kʌmplɪʃmənts,ə'kʌmplɪʃmənts
accord%0A,əˈkɔrd,əˈkɔ:d
accordance%0A,əˈkɔrdns,əˈkɔ:dns
accordingly%0A,əˈkɔrdɪŋli,əˈkɔ:dɪŋli
according%0A,ə'kɔdɪŋ,ə'kɔ:dɪŋ
accordion%0A,əˈkɔrdiən,əˈkɔ:diən
accost%0A,əˈkɔst,əˈkɒst
account%0A,əˈkaʊnt,əˈkaʊnt
accountability%0A,əˌkaʊntə'bɪlətɪ,əˌkaʊntə'bɪlətɪ
accountancy%0A,əˈkaʊntənsi,əˈkaʊntənsi
accountable%0A,əˈkaʊntəbəl,əˈkaʊntəbl
accountant%0A,əˈkaʊntənt,əˈkaʊntənt
accountants%0A,ə'kaʊntənts,ə'kaʊntənts
accounted%0A,ə'kɑʊntɪd,ə'kɑʊntɪd
accounting%0A,əˈkaʊntɪŋ,əˈkaʊntɪŋ
accouterments%0A,ə'kutərmənts,ə'ku:tərmənts
accouterment%0A,ə'kutəmənts,ə'ku:təmənts
accoutrement%0A,ə'kutəmənt,ə'ku:təmənt
accounts%0A,ə'kaʊnts,ə'kaʊnts
accredit%0A,əˈkrɛdɪt,əˈkredɪt
accreditation%0A,əˌkrɛdɪˈteʃən,əˌkredɪˈteɪʃn
accredited%0A,ə'krɛdɪtɪd,əˈkredɪtɪd
accretion%0A,əˈkriʃən,əˈkri:ʃn
accruals%0A,ə'kruəlz,ə'kru:əlz
accrual%0A,əˈkruəl,ə'kru:əl
accrued%0A,ə'krʊd,ə'kru:d
accrue%0A,əˈkru,əˈkru:
accumulated%0A,ək'jumjʊleɪtɪd,ək'ju:mjʊleɪtɪd
accumulate%0A,əˈkjumjəˌlet,əˈkju:mjəleɪt
accumulating%0A,ə'kjumjʊleɪt,ə'kju:mjʊleɪt
accumulation%0A,əˌkjumjəˈleʃən,əˌkju:mjə'leɪʃn
accumulative%0A,"əˈkjumjəˌletɪv, -lətɪv",əˈkju:mjələtɪv
accumulator%0A,əˈkjumjəˌletɚ,əˈkju:mjəleɪtə(r)
accuracy%0A,ˈækjərəsi,ˈækjərəsi
accurately%0A,'ækjərətlɪ,'ækjərətlɪ
accurate%0A,ˈækjərɪt,ˈækjərət
accusative%0A,əˈkjuzətɪv,əˈkju:zətɪv
accusation%0A,ˌækjuˈzeʃən,ˌækjuˈzeɪʃn
accusatory%0A,əˈkjuzətɔri,əˈkju:zətəri
accuse%0A,əˈkjuz,əˈkju:z
accuser%0A,ə'kjuzə(r),ə'kju:zə(r)
accused%0A,əˈkjuzd,əˈkju:zd
accustom%0A,əˈkʌstəm,əˈkʌstəm
accusingly%0A,ə'kjuzɪŋlɪ,ə'kju:zɪŋlɪ
accustomed%0A,əˈkʌstəmd,əˈkʌstəmd
accutane%0A,əkju'teɪn,əkju:'teɪn
ace%0A,es,eɪs
acerbic%0A,əˈsɜrbɪk,əˈsɜ:bɪk
acetaminophen%0A,"əˌsitəˈmɪnəfən, ˌæsə-",əˌsi:təˈmɪnəfen
acetate%0A,ˈæsɪˌtet,ˈæsɪteɪt
acetic%0A,ə'sitɪk,ə'si:tɪk
aceto%0A,'eɪstoʊ,'eɪstəʊ
acetochlor%0A,əstɒk'lɔ,əstɒk'lɔ:
acetosyringone%0A,eɪstoʊsɪr'rɪɡən,eɪstəʊsɪə'rɪɡən
acetylcholine%0A,ˌæsətɪl'koʊlin,ˌæsɪtɪl'kɒli:n
acetylene%0A,"əˈsɛtlˌin, -ən",əˈsetəli:n
acetone%0A,ˈæsɪtoʊn,ˈæsɪtəʊn
achaean%0A,əˈkiən,əˈki:ən
achebe%0A,ɑˈtʃebe,ɑ:ˈtʃeɪbeɪ
ache%0A,ek,eɪk
acheson%0A,ˈætʃɪsən,ˈætʃisn
achieve%0A,əˈtʃiv,əˈtʃi:v
achieved%0A,ə'tʃivd,ə'tʃi:vd
achievable%0A,ə'tʃivəbl,ə'tʃi:vəbl
achievement%0A,əˈtʃivmənt,əˈtʃi:vmənt
achievements%0A,ət'ʃivmənts,ət'ʃi:vmənts
achingly%0A,'eɪkɪŋlɪ,'eɪkɪŋlɪ
achilles%0A,əˈkɪliz,əˈkili:z
aching%0A,'eɪkɪŋ,'eɪkɪŋ
achor%0A,'eɪkɔ,'eɪkɔ:
achy%0A,ˈeki,ˈeɪki
acid%0A,ˈæsɪd,ˈæsɪd
acidic%0A,əˈsɪdɪk,əˈsɪdɪk
acidification%0A,əˌsɪdəfɪ'keɪʃən,əˌsɪdɪfɪ'keɪʃən
acidify%0A,ə'sɪdɪfaɪ,əˈsɪdɪfaɪ
acidity%0A,əˈsɪdɪti,əˈsɪdəti
acidosis%0A,ˌæsɪ'doʊsɪs,ˌæsɪ'dəʊsɪs
acidly%0A,ˈæsɪdli,ˈæsɪdli
acids%0A,'æsɪdz,'æsɪdz
aciduria%0A,ˌæsɪ'djʊrˌæsɪ'dʊriə,æsɪ'djʊərɪə
acker%0A,'eɪkə,'eɪkə
acknowledge%0A,əkˈnɑlɪdʒ,əkˈnɒlɪdʒ
acknowledgement%0A,əkˈnɑːlɪdʒmənt,əkˈnɒlɪdʒmənt
acknowledged%0A,ək'nɒlɪdʒd,ək'nɒlɪdʒd
acknowledging%0A,ək'nɒlɪdʒɪŋ,ək'nɒlɪdʒɪŋ
acknowledgment%0A,ækˈnɑlɪdʒmənt,ək'nɒlɪdʒmənt
acme%0A,'ækmɪ,ˈækmi
acne%0A,ˈækni,ˈækni
acolyte%0A,ˈækəˌlaɪt,ˈækəlaɪt
acorn%0A,ˈeɪkɔrn,ˈeɪkɔ:n
acorns%0A,'eɪkɔnz,'eɪkɔ:nz
acoustic%0A,əˈkustɪk,əˈku:stɪk
acoustical%0A,ə'kustɪkl,ə'ku:stɪkl
acoustically%0A,ə'kustɪklɪ,ə'ku:stɪklɪ
acoustics%0A,əˈkustɪks,əˈku:stɪks
acquaint%0A,əˈkwent,əˈkweɪnt
acquaintance%0A,əˈkwentəns,əˈkweɪntəns
acquaintances%0A,ək'weɪntənsɪz,ək'weɪntənsɪz
acquainted%0A,əˈkwentɪd,əˈkweɪntɪd
acquiesce%0A,ˌækwiˈɛs,ˌækwiˈes
acquire%0A,əˈkwaɪr,əˈkwaɪə(r)
acquirer%0A,ə'kwaɪərə,ə'kwaɪərə
acquiescence%0A,ˌækwiˈɛsəns,ˌækwiˈesns
acquired%0A,əˈkwaɪrd,ə'kwaɪəd
acquiring%0A,ək'waɪərɪŋ,ək'waɪərɪŋ
acquisition%0A,ˌækwɪˈzɪʃən,ˌækwɪˈzɪʃn
acquisitive%0A,əˈkwɪzɪtɪv,əˈkwɪzətɪv
acquit%0A,əˈkwɪt,əˈkwɪt
acquittal%0A,əˈkwɪtl,əˈkwɪtl
acreage%0A,"ˈekərɪdʒ, ˈekrɪdʒ",ˈeɪkərɪdʒ
acree%0A,ə'kri,ə'kri:
acres%0A,'eɪkəs,'eɪkəs
acrimonious%0A,ˌækrɪˈmoʊniəs,ˌækrɪˈməʊniəs
acro%0A,'ækroʊ,'ækrəʊ
acre%0A,ˈekɚ,ˈeɪkə(r)
acrid%0A,ˈækrɪd,ˈækrɪd
acrobatic%0A,ˌækrəˈbætɪk,ˌækrəˈbætɪk
acrobatics%0A,ˌækrəˈbætɪks,ˌækrəˈbætɪks
acrobat%0A,ˈækrəˌbæt,ˈækrəbæt
acrolein%0A,ə'kroʊlɪɪn,ə'krəʊlɪɪn
acropolis%0A,əˈkrɑpəlɪs,əˈkrɒpəlɪs
acronym%0A,'ækrənɪm,ˈækrənɪm
acrylics%0A,ə'krɪlɪks,ə'krɪlɪks
acrylic%0A,əˈkrɪlɪk,əˈkrɪlɪk
across%0A,əˈkrɔs,əˈkrɒs
act%0A,ækt,ækt
acted%0A,'æktɪd,'æktɪd
actinomycosis%0A,ˌæktənoʊmaɪ'koʊsɪs,æktɪnəʊmaɪ'kəʊsɪs
actinidia%0A,'æktɪnaɪdɪr,'æktɪnaɪdɪə
actinide%0A,'æktɪˌnaɪd,'æktɪnaɪd
acting%0A,ˈæktɪŋ,ˈæktɪŋ
action%0A,ˈækʃən,ˈækʃn
actionable%0A,ˈækʃənəbəl,ˈækʃənəbl
actions%0A,'ækʃ(ə)nz,'ækʃ(ə)nz
activate%0A,ˈæktəˌvet,ˈæktɪveɪt
activase%0A,ˈæktəˌves,ˈæktəˌveɪs
activated%0A,'æktəˌveɪtɪd,'æktɪveɪtɪd
activating%0A,'æktɪveɪtɪŋ,'æktɪveɪtɪŋ
active%0A,ˈæktɪv,ˈæktɪv
activation%0A,ˌæktɪ'veɪʃn,ˌæktɪ'veɪʃn
activator%0A,'æktəˌveɪtə,'æktɪveɪtə
actives%0A,'æktɪvz,'æktɪvz
actively%0A,'æktɪvlɪ,'æktɪvlɪ
activist%0A,ˈæktəvɪst,ˈæktɪvɪst
activism%0A,ˈæktəˌvɪzəm,'æktɪvɪzəm
activists%0A,'æktɪvɪsts,'æktɪvɪsts
activity%0A,ækˈtɪvɪti,ækˈtɪvəti
acton%0A,'æktən,'æktən
actor%0A,ˈæktɚ,ˈæktə(r)
actress%0A,ˈæktrɪs,ˈæktrəs
actors%0A,'æktəz,'æktəz
actresses%0A,'æktrɪsɪz,'æktrɪsɪz
actual%0A,ˈæktʃuəl,ˈæktʃuəl
actualize%0A,'æktʃʊrlaɪz,ˈæktʃuəlaɪz
actually%0A,ˈæktʃuəli,ˈæktʃuəli
actuarial%0A,ˌæktʃʊ'eərɪrl,ˌæktʃʊ'eərɪəl
actuary%0A,ˈæktʃeri,ˈæktʃuəri
actuator%0A,'æktʃʊˌeɪtə,'æktʃʊeɪtə
actuate%0A,ˈæktʃuˌet,ˈæktʃueɪt
actus%0A,'æktəs,'æktəs
acuity%0A,əˈkjuɪti,əˈkju:əti
acumen%0A,"əˈkjumən, ˈækjə-",ˈækjəmən
acupuncture%0A,ˈækjʊˌpʌŋktʃɚ,ˈækjupʌŋktʃə(r)
acrimony%0A,ˈækrɪmoʊni,ˈækrɪməni
acute%0A,əˈkjut,əˈkju:t
acutely%0A,əˈkjuːtli,əˈkju:tli
acyclovir%0A,eɪˈsaɪkləvɪr,eɪˈsaɪkləvɪə(r)
acuteness%0A,ə'kjutnəs,ə'kju:tnəs
ad%0A,æd,æd
adagio%0A,əˈdɑdʒioʊ,əˈdɑ:dʒiəʊ
adage%0A,ˈædɪdʒ,ˈædɪdʒ
adak%0A,ˈeˌdæk,ˈeɪˌdæk
adamant%0A,"ˈædəmənt, -ˌmænt",ˈædəmənt
adamantly%0A,"ˈædəməntli, -ˌmænt-",'ædəməntlɪ
actin%0A,'æktɪn,'æktɪn
adapt%0A,əˈdæpt,əˈdæpt
adaptability%0A,əˌdæptə'bɪlətɪ,əˌdæptə'bɪlətɪ
adaptable%0A,əˈdæptəbəl,əˈdæptəbl
adaptation%0A,ˌædæpˈteʃən,ˌædæpˈteɪʃn
adaptations%0A,ædæp'teɪʃnz,ædæp'teɪʃnz
adapted%0A,ə'dæptɪd,ə'dæptɪd
adapter%0A,əˈdæptɚ,ə'dæptə
adapting%0A,ə'dæptɪŋ,ə'dæptɪŋ
adapters%0A,ə'dæptəz,ə'dæptəz
adaptive%0A,əˈdæptɪv,əˈdæptɪv
adaptor%0A,əˈdæptɚ,ə'dæptə(r)
actuality%0A,ˌæktʃuˈælɪti,ˌæktʃuˈæləti
add%0A,æd,æd
addams%0A,ˈædəmz,ˈædəmz
added%0A,'ædɪd,'ædɪd
addendum%0A,əˈdɛndəm,əˈdendəm
adder%0A,ˈædɚ,ˈædə(r)
adderley%0A,ˈædəli,ˈædəli:
addict%0A,əˈdɪkt,ˈædɪkt
addicted%0A,ə'dɪktɪd,əˈdɪktɪd
addiction%0A,əˈdɪkʃən,əˈdɪkʃn
addictive%0A,əˈdɪktɪv,əˈdɪktɪv
adding%0A,'ædɪŋ,'ædɪŋ
addison%0A,ˈædɪsən,ˈædisn
addition%0A,əˈdɪʃən,əˈdɪʃn
additional%0A,ə'dɪʃənl,əˈdɪʃənl
additions%0A,ə'dɪʃnz,ə'dɪʃnz
additive%0A,ˈædɪtɪv,ˈædətɪv
additionally%0A,ə'dɪʃənəlɪ,ə'dɪʃənəlɪ
additives%0A,'ædɪtɪvz,'ædɪtɪvz
addle%0A,ˈædəl,ˈædl
address%0A,ˈædres,əˈdres
addressable%0A,əˈdrɛsəbəl,əˈdresəbl
addressed%0A,ə'dresd,ə'dresd
addressee%0A,"ˌædrɛˈsi, əˌdrɛsˈi",ˌædreˈsi:
adduct%0A,'ædʌkt,'ædʌkt
adelaide%0A,'ædəleɪd,'ædəleɪd
adelphia%0A,ə'delfɪr,ə'delfɪə
adena%0A,əˈdinə,əˈdi:nə
adenine%0A,'ædənɪn,'ædənɪn
adenauer%0A,"ˈædnˌaʊɚ, ˈɑd-","ˈædnˌaʊə, ˈɑ:d-"
adenoid%0A,'ædnˌɔɪd,'ædɪnɔɪd
adequacy%0A,'ædɪkwəsɪ,'ædɪkwəsɪ
adept%0A,əˈdɛpt,əˈdept
adenovirus%0A,əˌdinoʊ'vaɪrəs,əˌdi:nəʊ'vaɪrəs
adenosine%0A,ə'denəsɪn,ə'denəsi:n
adequate%0A,ˈædɪkwɪt,ˈædɪkwət
adequately%0A,'ædɪkwətlɪ,'ædɪkwətlɪ
adhere%0A,ədˈhɪr,ədˈhɪə(r)
adherence%0A,ədˈhɪrəns,ədˈhɪərəns
adherent%0A,ədˈhɪrənt,ədˈhɪərənt
adhering%0A,əd'hɪərɪŋ,əd'hɪərɪŋ
adhesion%0A,ædˈhiʒən,ədˈhi:ʒn
adherents%0A,əd'hɪərənts,əd'hɪərənts
adhesive%0A,"ædˈhisɪv, -zɪv",ədˈhi:sɪv
adhesives%0A,æd'hɪsɪvz,əd'hi:sɪvz
adieu%0A,əˈdu,əˈdju:
adios%0A,"ˌædiˈos, ˌɑdi-",ɑ:ˈdjəus
adipose%0A,ˈædɪpoʊs,ˈædɪpəʊs
adjacent%0A,əˈdʒesənt,əˈdʒeɪsnt
adjective%0A,ˈædʒɪktɪv,ˈædʒɪktɪv
adjectives%0A,'ædʒɪktɪvz,'ædʒɪktɪvz
adjoin%0A,əˈdʒɔɪn,əˈdʒɔɪn
adjoining%0A,əˈdʒɔɪnɪŋ,ə'dʒɔɪnɪŋ
adjourn%0A,əˈdʒɜrn,əˈdʒɜ:n
adjourning%0A,a'dʒɜnɪŋ,a'dʒɜ:nɪŋ
adjournment%0A,ə'dʒɜnmənt,ə'dʒɜ:nmənt
adjudge%0A,əˈdʒʌdʒ,əˈdʒʌdʒ
adjudicate%0A,əˈdʒudɪˌket,əˈdʒu:dɪkeɪt
adjudication%0A,əˌdʒudɪ'keɪʃn,əˌdʒu:dɪ'keɪʃn
adjunct%0A,ˈædʒˌʌŋkt,ˈædʒʌŋkt
adjuncts%0A,'ædʒʌŋkts,'ædʒʌŋkts
adjust%0A,əˈdʒʌst,əˈdʒʌst
adjustable%0A,ə'dʒʌstəbḷ,əˈdʒʌstəbl
adjusted%0A,ə'dʒʌstɪd,ə'dʒʌstɪd
adjuster%0A,ə'dʒʌstə,ə'dʒʌstə
adjustment%0A,əˈdʒʌstmənt,əˈdʒʌstmənt
adjusting%0A,ə'dʒʌstɪŋ,ə'dʒʌstɪŋ
adjutant%0A,ˈædʒətənt,ˈædʒʊtənt
adler%0A,"ˈɑdlɚ, ˈæd-",ˈædlə
adman%0A,ˈædˌmæn,ˈædmæn
administer%0A,ædˈmɪnɪstɚ,ədˈmɪnɪstə(r)
administrate%0A,əd'mɪnəˌstreɪt,əd'mɪnɪstreɪt
administration%0A, ædˌmɪnɪˈstreʃən,ədˌmɪnɪˈstreɪʃn
administrations%0A,ədmɪnɪst'reɪʃnz,ədmɪnɪst'reɪʃnz
administratively%0A,əd'mɪnɪstrətɪvlɪ,əd'mɪnɪstrətɪvlɪ
administrative%0A,ədˈmɪnɪstreɪtɪv,ədˈmɪnɪstrətɪv
administrator%0A,ædˈmɪnɪˌstretɚ,ədˈmɪnɪstreɪtə(r)
administrators%0A,əd'mɪnɪstreɪtəz,əd'mɪnɪstreɪtəz
admirable%0A,ˈædmərəbəl,ˈædmərəbl
admiral%0A,ˈædmərəl,ˈædmərəl
admirably%0A,'ædmərəblɪ,'ædmərəblɪ
admiralty%0A,'ædmərəltɪ,'ædmərəltɪ
admire%0A,ædˈmaɪr,ədˈmaɪə(r)
admiration%0A,ˌædməˈreʃən,ˌædməˈreɪʃn
admirer%0A,ədˈmaɪərər,ədˈmaɪərə(r)
admiringly%0A,əd'maɪərɪŋlɪ,əd'maɪərɪŋlɪ
admissible%0A,ædˈmɪsəbəl,ədˈmɪsəbl
admiring%0A,əd'maɪərɪŋ,əd'maɪərɪŋ
admissibility%0A,ədˌmɪsə'bɪlətɪ,ədˌmɪsə'bɪlətɪ
admission%0A,ædˈmɪʃən,ədˈmɪʃn
admissions%0A,əd'mɪʃnz,əd'mɪʃnz
admit%0A,ædˈmɪt,ədˈmɪt
admittance%0A,ædˈmɪtns,ədˈmɪtns
admonish%0A,ədˈmɑnɪʃ,ədˈmɒnɪʃ
admittedly%0A,ædˈmɪtɪdli,ədˈmɪtɪdli
admitting%0A,əd'mɪtɪŋ,əd'mɪtɪŋ
admitted%0A,əd'mɪtɪd,əd'mɪtɪd
admonition%0A,ˌædməˈnɪʃən,ˌædməˈnɪʃn
admonishment%0A,əd'mɑnɪʃmənt,əd'mɒnɪʃmənt
ado%0A,əˈdu,əˈdu:
adolescence%0A,ˌædlˈɛsəns,ˌædəˈlesns
adobe%0A,əˈdoʊbi,əˈdəʊbi
adolescents%0A,ædə'lesnts,ædə'lesnts
adolescent%0A,ˌædə'lesnt,ˌædəˈlesnt
adopt%0A,əˈdɑpt,əˈdɒpt
adoptable%0A,ə'dɒptəbəl,ə'dɒptəbl
adopted%0A,əˈdɑptɪd,əˈdɒptɪd
adoptee%0A,ə'dɒpti,ə'dɒpti:
adopter%0A,əˈdɑptə(r),əˈdɒptə(r)
adoption%0A,əˈdɑpʃn,əˈdɒpʃn
adoptive%0A,əˈdɑptɪv,əˈdɒptɪv
adorable%0A,"əˈdɔrəbəl,əˈdor-",əˈdɔ:rəbl
adoration%0A,ˌædəˈreʃən,ˌædəˈreɪʃn
adore%0A,"əˈdɔr, əˈdor",əˈdɔ:(r)
adorn%0A,əˈdɔrn,əˈdɔ:n
adornment%0A,əˈdɔrnmənt,ə'dɔ:nmənt
adorning%0A,ə'dɔnɪŋ,ə'dɔ:nɪŋ
adrenaline%0A,əˈdrɛnəlɪn,ə'drenəlɪn
adrenal%0A,æd'rinəl,æd'ri:nəl
adrenalin%0A,əˈdrɛnəlɪn,əˈdrenəlɪn
adriatic%0A,ˌedriˈætɪk,ˌeidriˈætik
adrift%0A,əˈdrɪft,əˈdrɪft
adroitly%0A,ə'drɔɪtlɪ,ə'drɔɪtlɪ
adroit%0A,əˈdrɔɪt,əˈdrɔɪt
adulation%0A,ˌædʒəˈleɪʃn,ˌædjuˈleɪʃn
adulate%0A,ˈædʒəˌlet,'ædʒʊleɪt
adult%0A," əˈdʌlt, ˈædʌlt",ˈædʌlt
adulterated%0A,ə'dʌltəˌreɪtɪd,ə'dʌltəreɪtɪd
adulterate%0A,əˈdʌltəˌret,əˈdʌltəreɪt
adulteration%0A,əˌdʌltə'reɪʃn,əˌdʌltə'reɪʃn
adulterer%0A,əˈdʌltəɚ,əˈdʌltərə(r)
adultery%0A,"əˈdʌltəri,-tri",əˈdʌltəri
adulterous%0A,"əˈdʌltərəs, -trəs",ə'dʌltərəs
adulthood%0A,'ædʌlthʊd,ˈædʌlthʊd
adults%0A,æ'dʌlts,æ'dʌlts
advance%0A,ədˈvæns,ədˈvɑ:ns
advancement%0A,ədˈvænsmənt,ədˈvɑ:nsmənt
advanced%0A,ədˈvænst,ədˈvɑ:nst
advancer%0A,əd'vɑnsə,əd'vɑ:nsə
advances%0A,əd'vansɪz,əd'va:nsɪz
advancing%0A,ədˈvænsɪŋ,ədˈvɑ:nsɪŋ
advantage%0A,ədˈvæntɪdʒ,ədˈvɑ:ntɪdʒ
advantaged%0A,ədˈvæntɪdʒd,ədˈvɑ:ntɪdʒd
advantageous%0A,"ˌædvænˈtedʒəs, -vən-",ˌædvənˈteɪdʒəs
advection%0A,æd'vekʃən,æd'vekʃən
advent%0A,ˈædˌvɛnt,ˈædvent
adventure%0A,ædˈvɛntʃɚ,ədˈventʃə(r)
adventist%0A,"ˈædˌvɛntɪst, ædˈvɛn-","ˈædˌventɪst, ædˈven-"
adventurer%0A,ædˈvɛntʃəɚ,ədˈventʃərə(r)
adventurous%0A,ædˈvɛntʃərəs,ədˈventʃərəs
adventuresome%0A,ədˈventʃərsəm,ədˈventʃəsəm
adventurism%0A,ædˈvɛntʃəˌrɪzəm,ədˈventʃərɪzəm
adverbs%0A,'ædvɜbz,'ædvɜ:bz
adversarial%0A,ˌædvərˈseriəl,ˌædvəˈseəriəl
adverb%0A,ˈædvɜrb,ˈædvɜ:b
adverbial%0A,æd'vɜbɪrl,æd'vɜ:bɪəl
adverse%0A,ˈædvɜrs,ˈædvɜ:s
adversary%0A,ˈædvərseri,ˈædvəsəri
advertisement%0A,ˌædvərˈtaɪzmənt,ədˈvɜ:tɪsmənt
adversity%0A,ədˈvɜrsəti,ədˈvɜ:səti
advertised%0A,'ædvətaɪzd,'ædvətaɪzd
adversely%0A,əd'vɜslɪ,əd'vɜ:slɪ
advertise%0A,ˈædvərtaɪz,ˈædvətaɪz
advertisements%0A,əd'vɜtɪsmənts,əd'vɜ:tɪsmənts
advertiser%0A,ˈædvərtaɪzə(r),ˈædvətaɪzə(r)
advertising%0A,ˈædvərtaɪzɪŋ,ˈædvətaɪzɪŋ
advertorial%0A,ˌædvərˈtɔriəl,ˌædvəˈtɔ:riəl
advice%0A,əd'vaɪs,ədˈvaɪs
advisable%0A,ædˈvaɪzəbəl,ədˈvaɪzəbl
advise%0A,ædˈvaɪz,ədˈvaɪz
advisability%0A,ədˌvaɪzə'bɪlətɪ,ədˌvaɪzə'bɪlətɪ
advised%0A,əd'vaɪzd,əd'vaɪzd
advisedly%0A,ædˈvaɪzɪdli,ədˈvaɪzədli
advisement%0A,ædˈvaɪzmənt,ədˈvaɪzmənt
adviser%0A,ædˈvaɪzɚ,ədˈvaɪzə(r)
advisers%0A,əd'vaɪzəz,əd'vaɪzəz
advisor%0A,ædˈvaɪzɚ,əd'vaɪzə
advising%0A,əd'vaɪzɪŋ,əd'vaɪzɪŋ
advisory%0A,ædˈvaɪzəri,ədˈvaɪzəri
advocacy%0A,ˈædvəkəsi,ˈædvəkəsi
advocate%0A,ˈædvəˌket,ˈædvəkeɪt
advocation%0A,ˌædvə'keɪʃən,ædvə'keɪʃən
adz%0A,ædz,ædz
aegean%0A,i'dʒiən,i:'dʒi:ən
aegis%0A,ˈidʒɪs,ˈi:dʒɪs
aeneas%0A,ɪˈniəs,iˈni:əs
aeneid%0A,'inɪd,'i:nɪd
aerial%0A,ˈeriəl,ˈeəriəl
aerials%0A,'eərɪrlz,'eərɪəlz
aerie%0A,"ˈɛri, ˈɪri",ˈɛəri
aero%0A,'eroʊ,'eərəʊ
aerobatics%0A,ˌerəˈbætɪks,ˌeərəˈbætɪks
aerobatic%0A,ˌeərə'bætɪk,ˌeərə'bætɪk
aerobic%0A,eˈroʊbɪk,eəˈrəʊbɪk
aerobics%0A,eˈroʊbɪks,eəˈrəʊbɪks
aerodynamic%0A,ˌeəroʊdaɪ'næmɪk,ˌeərəʊdaɪ'næmɪk
aerodynamicist%0A,eəroʊdaɪ'næmɪsɪst,eərəʊdaɪ'næmɪsɪst
aerodynamically%0A,ˌeəroʊdaɪ'næmɪklɪ,ˌeərəʊdaɪ'næmɪklɪ
aerodrome%0A,ˈerədroʊm,ˈeərədrəʊm
aerodynamics%0A,ˌeroʊdaɪˈnæmɪks,ˌeərəʊdaɪˈnæmɪks
aerodyne%0A,'erəˌdaɪn,'eərədaɪn
aerojet%0A,'eəroʊdʒet,'eərəʊdʒet
aeronautic%0A,ˌerə'nɔtɪk,ˌeərə'nɔ:tɪk
aeronautics%0A,ˌerəˈnɔtɪks,ˌeərəˈnɔ:tɪks
aeronautical%0A,ˌeərə'nɔtɪkl,ˌeərə'nɔ:tɪkl
aerosol%0A,ˈerəsɔl,ˈeərəsɒl
aerosols%0A,'eərəsɒlz,'eərəsɒlz
aerospace%0A,ˈeroʊspeɪs,ˈeərəʊspeɪs
aerostat%0A,ˈerəstæt,ˈeərəstæt
aesop%0A,"ˈisəp, -ˌsɑp",ˈi:sɔp
aesthete%0A,ˈɛsθit,ˈi:sθi:t
aesthetes%0A,is'θits,i:s'θi:ts
aesthetic%0A,ɛsˈθɛtɪk,i:sˈθetɪk
aetna%0A,ˈɛtnə,ˈetnə
aesthetically%0A,es'θetɪklɪ,es'θetɪklɪ
aesthetics%0A,ɛsˈθɛtɪks,i:s'θetɪks
afar%0A,əˈfɑr,əˈfɑ:(r)
affable%0A,ˈæfəbəl,ˈæfəbl
affably%0A,'æfəblɪ,'æfəblɪ
affair%0A,əˈfer,əˈfeə(r)
affect%0A,əˈfɛkt,əˈfekt
affectation%0A,ˌæfɛkˈteʃən,ˌæfekˈteɪʃn
affecting%0A,əˈfɛktɪŋ,əˈfektɪŋ
affected%0A,əˈfɛktɪd,əˈfektɪd
affection%0A,əˈfɛkʃən,əˈfekʃn
affectionate%0A,əˈfɛkʃənɪt,əˈfekʃənət
affective%0A,əˈfɛktɪv,əˈfektɪv
affiant%0A,ə'faɪənt,ə'faɪənt
affectionately%0A,ə'fekʃənətlɪ,ə'fekʃənətlɪ
affectively%0A,ə'fektɪvlɪ,ə'fektɪvlɪ
afferent%0A,'æfərənt,'æfərənt
affidavit%0A,ˌæfɪˈdevɪt,ˌæfəˈdeɪvɪt
affiliate%0A,əˈfɪliˌeɪt,əˈfɪlieɪt
affiliation%0A,əˌfɪliˈeɪʃn,əˌfɪliˈeɪʃn
affiliations%0A,əfɪl'ɪeɪʃnz,əfɪl'ɪeɪʃnz
affined%0A,ə'faɪnd,ə'faɪnd
affine%0A,ə'faɪn,ə'faɪn
affining%0A,ə'faɪnɪŋ,ə'faɪnɪŋ
affinity%0A,əˈfɪnɪti,əˈfɪnəti
affirmation%0A,ˌæfɚˈmeʃən,ˌæfə'meɪʃn
affirm%0A,əˈfɜrm,əˈfɜ:m
affirmative%0A,əˈfɜrmətɪv,əˈfɜ:mətɪv
affirmatively%0A,ə'fɜmətɪvlɪ,ə'fɜ:mətɪvlɪ
affix%0A,əˈfɪks,əˈfɪks
afflict%0A,əˈflɪkt,əˈflɪkt
afflicting%0A,ə'flɪktɪŋ,ə'flɪktɪŋ
affliction%0A,əˈflɪkʃən,əˈflɪkʃn
affluent%0A,"ˈæfluənt, əˈflu-",ˈæfluənt
affluence%0A,"ˈæfluəns, əˈflu-",'æflʊəns
afford%0A,əˈfɔrd,əˈfɔ:d
affordability%0A,əˌfɔdə'bɪlətɪ,əˌfɔ:də'bɪlətɪ
affricate%0A,ˈæfrɪkɪt,ˈæfrɪkət
affrication%0A,æfrɪ'keɪʃən,æfrɪ'keɪʃən
affront%0A,əˈfrʌnt,əˈfrʌnt
affronted%0A,əf'rʌntɪd,əf'rʌntɪd
affordable%0A,"əˈfɔrdəbəl, əˈfor-",ə'fɔ:dəbl
afghani%0A,"æfˈɡæni, -ˈɡɑni",æfˈɡæni
aficionado%0A,əˌfɪʃəˈnɑdoʊ,əˌfɪʃəˈnɑ:dəʊ
afield%0A,əˈfild,əˈfi:ld
afire%0A,əˈfaɪr,ə'faɪə
aflatoxin%0A,ˌæflə'tɒksɪn,ˌæflə'tɒksɪn
aflame%0A,əˈflem,əˈfleɪm
afghanistan%0A,æf'ɡænɪstæn,æf'ɡænɪstæn
afloat%0A,əˈfloʊt,əˈfləʊt
aflutter%0A,ə'flʌtə,ə'flʌtə
afoot%0A,əˈfʊt,əˈfʊt
aforementioned%0A,əˌfɔrˈmenʃənd,əˌfɔ:ˈmenʃənd
aforesaid%0A,"əˈfɔrˌsɛd, əˈfor-",ə'fɔ:sed
aforethought%0A,əˈfɔrθɔt,əˈfɔ:θɔ:t
afoul%0A,əˈfaʊl,əˈfaʊl
afresh%0A,əˈfrɛʃ,əˈfreʃ
afraid%0A,əˈfred,əˈfreɪd
africa%0A,ˈæfrɪkə,'æfrɪkə
african%0A,ˈæfrɪkən,ˈæfrɪkən
africanist%0A,ˈæfrɪkənɪst,ˈæfrikənist
africanize%0A,ˈæfrɪkəˌnaɪz,ˈæfrikənaiz
afrikaans%0A,"ˌæfrɪˈkɑns, -ˈkɑnz",ˌæfrɪˈkɑ:ns
afrikaner%0A,ˌæfrɪˈkɑnɚ,ˌæfrɪˈkɑ:nə(r)
afro%0A,ˈæfroʊ,ˈæfrəʊ
afrocentric%0A,ˌæfroˈsɛntrɪk,ˌæfrəʊˈsentrɪk
aft%0A,æft,ɑ:ft
aftereffect%0A,'ɑftərəˌfekt,'ɑ:ftərɪfˌekt
after%0A,ˈæftə(r),ˈɑ:ftə(r)
afterglow%0A,ˈæftərgloʊ,ˈɑ:ftəgləʊ
afterburner%0A,ˈæftərbɜrnər,ˈɑ:ftəbɜ:nə(r)
afterimage%0A,'ɑftəˌɪmɪdʒ,'ɑ:ftərˌɪmɪdʒ
afterhours%0A,'ɑftə'aʊəz,'ɑ:ftər'aʊəz
afterlife%0A,ˈæftərlaɪf,ˈɑ:ftəlaɪf
aftermarket%0A,ˈæftɚˌmɑrkɪt,'ɑ:ftəˌmɑ:kɪt
aftermaths%0A,'aftəmæθ,'a:ftəmæθ
afternoon%0A,ˌæftərˈnun,ˌɑ:ftəˈnu:n
aftermath%0A,ˈæftərmæθ,ˈɑ:ftəmæθ
afternoons%0A,ˌæftərˈnunz,ˌɑ:ftəˈnu:nz
aftershave%0A,ˈæftərʃeɪv,ˈɑ:ftəʃeɪv
aftershock%0A,ˈæftərʃɑk,ˈɑ:ftəʃɒk
aftershocks%0A,'ɑftəʃɒks,'ɑ:ftəʃɒks
aftertax%0A,'ɑftəˌtæks,'ɑ:ftəˌtæks
afterthought%0A,ˈæftərθɔt,ˈɑ:ftəθɔ:t
afterward%0A,ˈæftəwəd,'ɑ:ftəwəd
afterwards%0A,ˈæftərwərdz,ˈɑ:ftəwədz
ag%0A,æx,æx
aga%0A,'ɑɡə,'ɑ:ɡə
again%0A,əˈɡɛn,əˈgen
agamemnon%0A,"ˌæɡəˈmɛmˌnɑn, -nən",ˌæɡəˈmemnən
against%0A,əˈɡenst,əˈgenst
agana%0A,"əˈɡɑnjə, ɑˈɡɑnjɑ",əˈɡa:njə
agape%0A,əˈgeɪp,ˈægəpi
agar%0A,'eɪɡɑr,ˈeɪgɑ:(r)
agassiz%0A,ˈæɡəsi,ˈægəsi:
agate%0A,ˈæɡɪt,ˈægət
age%0A,edʒ,eɪdʒ
aged%0A,ˈedʒɪd,eɪdʒd
agee%0A,ə'dʒi,ə'dʒi:
ageless%0A,ˈedʒlɪs,ˈeɪdʒləs
agency%0A,ˈedʒənsi,ˈeɪdʒənsi
agenda%0A,əˈdʒɛndə,əˈdʒendə
agent%0A,ˈedʒənt,ˈeɪdʒənt
ager%0A,'eɪdʒə,'eɪdʒə
ageratum%0A,ˌædʒə'reɪtəm,ˌædʒə'reɪtəm
aggie%0A,'ægɪ,'ægɪ
aggies%0A,'æɡiz,'æɡi:z
agglomeration%0A,əˌglɑməˈreɪʃn,əˌglɒməˈreɪʃn
agglomerate%0A,əˌglɑməreɪt,əˈglɒməreɪt
aggrandizement%0A,əˈɡrændɪzmənt,əˈgrændɪzmənt
aggrandize%0A,"əˈɡrænˌdaɪz, ˈæɡrən-",ə'grændaɪz
agglutinate%0A,ə'glutənˌeɪt,ə'glu:tɪneɪt
aggravate%0A,ˈæɡrəˌvet,ˈægrəveɪt
aggravation%0A,ˌæɡrəˈveʃən,ˌæɡrə'veɪʃn
aggravating%0A,'æɡrəveɪtɪŋ,'æɡrəveɪtɪŋ
aggregate%0A,ˈæɡrɪɡɪt,ˈægrɪgət
aggregated%0A,'ægrɪgɪtɪd,'ægrɪgɪtɪd
aggress%0A,ə'gres,ə'gres
aggression%0A,əˈɡrɛʃən,əˈgreʃn
aggressively%0A,əˈɡrɛsɪvlɪ,ə'ɡresɪvlɪ
aggressive%0A,əˈɡrɛsɪv,əˈgresɪv
aggressivity%0A,əɡre'sɪvɪtɪ,əɡre'sɪvɪtɪ
aggressiveness%0A,ə'ɡresɪvnəs,ə'ɡresɪvnəs
aggressor%0A,əˈɡrɛsɚ,əˈgresə(r)
aggrieved%0A,əˈɡrivd,əˈgri:vd
aggrieve%0A,əˈɡriv,ə'gri:v
aghast%0A,əˈgæst,əˈgɑ:st
agile%0A,ˈædʒl,ˈædʒaɪl
agin%0A,ə'gɪn,ə'gɪn
aftertaste%0A,ˈæftərteɪst,ˈɑ:ftəteɪst
agility%0A,əˈdʒɪlɪti,ə'dʒɪlətɪ
agincourt%0A,"ˈædʒɪnˌkɔrt, -ˌkort",ˈædʒinkɔ:t
aging%0A,ˈedʒɪŋ,'eɪdʒɪŋ
agitate%0A,ˈædʒɪˌtet,ˈædʒɪteɪt
agitated%0A,ˈædʒəˌtetɪtɪd,ˈædʒɪteɪtɪd
agitation%0A,ˌædʒɪˈteʃən,ˌædʒɪˈteɪʃn
agitating%0A,'ædʒɪteɪtɪŋ,'ædʒɪteɪtɪŋ
agitator%0A,ˈædʒɪˌtetɚ,ˈædʒɪteɪtə(r)
agitprop%0A,ˈædʒɪtprɑp,ˈædʒɪtprɒp
agleam%0A,əˈɡlim,əˈgli:m
aglow%0A,əˈgloʊ,əˈgləʊ
aglitter%0A,ə'glɪtə,ə'glɪtə
agnes%0A,ˈæɡnɪs,ˈæɡnis
agnew%0A,"ˈæɡˌnu, -ˌnju","ˈægˌnu:, -ˌnju:"
agnostic%0A,ægˈnɑstɪk,ægˈnɒstɪk
ago%0A,əˈgoʊ,əˈgəʊ
agog%0A,əˈgɑg,əˈgɒg
agonist%0A,'ægənɪst,'ægənɪst
agonize%0A,ˈæɡəˌnaɪz,ˈægənaɪz
agonizing%0A,ˈæɡəˌnaɪzɪŋ,ˈægənaɪzɪŋ
agora%0A,ˈægərə,ˈægɒrə
agonizingly%0A,ˈæɡənaɪzɪŋli,ˈægənaɪzɪŋli
agony%0A,ˈæɡəni,ˈægəni
agoraphobia%0A,ˌægərəˈfoʊbiə,ˌægərəˈfəʊbiə
agra%0A,ˈɑɡrə,ˈɑ:ɡrə
agrarian%0A,əˈgreriən,əˈgreəriən
agrarianism%0A,ə'grerɪrnˌɪzəm,ə'greərɪənɪzəm
agree%0A,əˈɡri,əˈgri:
agreed%0A,ə'grid,ə'gri:d
agreeable%0A,əˈɡriəbəl,əˈgri:əbl
agreement%0A,əˈɡrimənt,əˈgri:mənt
agreements%0A,əɡ'rimənts,əɡ'ri:mənts
agricola%0A,əˈɡrɪkələ,əˈɡrikələ
agricultural%0A,ˌæɡrɪ'kʌltʃərəl,ˌæɡrɪ'kʌltʃərəl
agribusiness%0A,ˈæɡrəˌbɪznɪs,ˈægrɪbɪznəs
agriculture%0A,ˈæɡrɪˌkʌltʃɚ,ˈægrɪkʌltʃə(r)
agriculturalist%0A,ˌæɡrɪˈkʌltʃərəlɪst,ˌægrɪˈkʌltʃərəlɪst
agro%0A,'ægroʊ,'ægrəʊ
agroindustrial%0A,ˌægroʊɪn'dʌstriəl,ægrəʊɪn'dʌstrɪəl
agrochemical%0A,ˌægroʊˈkemɪkl,ˌægrəʊˈkemɪkl
agrochemicals%0A,æɡ'rɒkemɪklz,æɡ'rɒkemɪklz
agronomist%0A,əˈgrɑnəmɪst,əˈgrɒnəmɪst
aground%0A,əˈɡraʊnd,əˈgraʊnd
aguadilla%0A,"ˌɑɡwəˈdiə, ˌɑɡwɑˈðiɑ","ˌɑ:gwəˈdi:ə, ˌɑ:gwɑ:ˈði:ɑ:"
aguacate%0A,ˌɑɡwəˈkɑti,ˌɑ:gwəˈkɑ:ti:
aguascalientes%0A,ˌɑɡwɑskɑˈljɛntɛs,ˌɑ:gwɑ:skɑ:ˈljentes
ah%0A,ɑ,ɑ:
aha%0A,ɑˈhɑ,ɑ:ˈhɑ:
ahead%0A,əˈhɛd,əˈhed
ahh%0A,'əh,'əh
ahn%0A,'ɑn,'ɑ:n
ahold%0A,əˈhold,ə'həʊld
ahoy%0A,əˈhɔɪ,əˈhɔɪ
ai%0A,aɪ,ai
aid%0A,ed,eɪd
aide%0A,ed,eɪd
aided%0A,'eɪdɪd,'eɪdɪd
aiken%0A,ˈekən,ˈeikən
aileron%0A,ˈeɪlərɑn,ˈeɪlərɒn
ailerons%0A,'eɪlərɒnz,'eɪlərɒnz
ailey%0A,"ˈeli, ˈaɪli","ˈeɪli:, ˈaɪli:"
ail%0A,el,eɪl
ailment%0A,ˈelmənt,ˈeɪlmənt
aim%0A,em,eɪm
ailurophile%0A,aɪ'lʊrəˌfaɪl,eɪ'lʊərəfaɪl
aimless%0A,ˈemlɪs,ˈeɪmləs
aiming%0A,'eɪmɪŋ,'eɪmɪŋ
aimlessly%0A,ˈemlɪslɪ,'eɪmləslɪ
ain't%0A,ent,eɪnt
airbag%0A,ˈerəbæg,ˈeəbæg
airbase%0A,ˈerbeɪs,ˈeəbeɪs
air%0A,er,eə(r)
airbus%0A,'erbʌs,'eəbʌs
airborne%0A,ˈerbɔrn,ˈeəbɔ:n
airboat%0A,'eərboʊt,'eərbəʊt
airconditioned%0A,erkən'dɪʃnd,eəkən'dɪʃnd
aircondition%0A,'erkəndɪʃən,'eəkəndɪʃən
airconditioner%0A,erkən'dɪʃənər,eəkən'dɪʃənər
airconditioning%0A,erkən'dɪʃnɪŋ,eəkən'dɪʃnɪŋ
aircrew%0A,ˈerkru,ˈeəkru:
aircraft%0A,ˈerkræft,ˈeəkrɑ:ft
airdrop%0A,ˈerdrɑp,ˈeədrɒp
airedale%0A,ˈerdeɪl,ˈeədeɪl
airfare%0A,ˈerfer,ˈeəfeə(r)
airfield%0A,ˈerfild,ˈeəfi:ld
airflow%0A,ˈerfloʊ,ˈeəfləʊ
airfoil%0A,ˈerfɔɪl,ˈeəfɔɪl
airfone%0A,eərf'wʌn,eərf'wʌn
airforce%0A,'erfɔs,'eəfɔ:s
airglow%0A,'eərɡloʊ,'eərɡləʊ
airframe%0A,'erˌfreɪm,'eəˌfreɪm
airhead%0A,ˈerhed,ˈeəhed
airfreight%0A,ˈerfreɪt,ˈeəfreɪt
airless%0A,ˈerləs,ˈeələs
airing%0A,ˈerɪŋ,ˈeərɪŋ
airlift%0A,ˈerlɪft,ˈeəlɪft
airline%0A,ˈerlaɪn,ˈeəlaɪn
airliner%0A,ˈerlaɪnə(r),ˈeəlaɪnə(r)
airlines%0A,'erlaɪns,'erlaɪns
airlock%0A,ˈerlɑk,ˈeəlɒk
airmail%0A,ˈermeɪl,ˈeəmeɪl
airman%0A,ˈermən,ˈeəmən
airmen%0A,'ermən,'eəmən
airplane%0A,ˈerpleɪn,ˈeəpleɪn
airport%0A,ˈerpɔrt,ˈeəpɔ:t
airports%0A,'erpɔts,'eəpɔ:ts
airpower%0A,'eərpaʊər,'eərpaʊər
airship%0A,ˈerʃɪp,ˈeəʃɪp
airspace%0A,ˈerspeɪs,ˈeəspeɪs
airstrike%0A,'erˌstraɪk,'erˌstraɪk
airspeed%0A,ˈerəspid,ˈeəspi:d
airstrip%0A,ˈerstrɪp,ˈeəstrɪp
airtime%0A,ˈertaɪm,ˈeətaɪm
airwaves%0A,ˈerweɪvz,ˈeəweɪvz
airwave%0A,'erˌweɪv,'eəˌweɪv
airway%0A,ˈerweɪ,ˈeəweɪ
airways%0A,'erˌweɪz,'eəweɪz
airtight%0A,ˈertaɪt,ˈeətaɪt
airworthy%0A,ˈerwɜrði,ˈeəwɜ:ði
airy%0A,ˈeri,ˈeəri
aisle%0A,aɪl,aɪl
ajar%0A,əˈdʒɑr,əˈdʒɑ:(r)
ajax%0A,ˈeˌdʒæks,ˈeɪˌdʒæks
ajinomoto%0A,eɪdʒɪnoʊ'moʊtoʊ,eɪdʒɪnəʊ'məʊtəʊ
aka%0A,ˌeɪkeɪ'eɪ,ˌeɪ keɪ ˈeɪ
akashi%0A,ɑˈkɑʃi,ɑ:ˈkɑ:ʃi
akbar%0A,ˈækbɑr,ˈækbɑ:
akihito%0A,ˌɑkiˈhito,ˌɑ:ki:ˈhi:təʊ
akin%0A,əˈkɪn,əˈkɪn
akimbo%0A,əˈkɪmboʊ,əˈkɪmbəʊ
akita%0A,"ɑˈkitə, ˈɑkɪˌtɑ",ɑ:ˈki:tə
akkadian%0A,əˈkediən,"əˈkeidiən,-ˈkɑ:-"
akron%0A,ˈækrən,ˈækrən
ala%0A,ˈelə,ˈeilə
alabama%0A,ˌælə'bæmə,ˌælə'bæmə
alabaster%0A,ˈæləbæstə(r),ˈæləbɑ:stə(r)
alachlor%0A,æ'læklɔ,æ'læklɔ:
alacrity%0A,əˈlækrɪti,əˈlækrəti
aladdin%0A,əˈlædn,əˈlædɪn
alai%0A,ˈɑˌlaɪ,ˈɑ:ˌlaɪ
alamein%0A,ˌæləˈmen,ˌæləˈmein
alameda%0A,ˌælə'meɪdə,ˌælə'meɪdə
alamo%0A,'æləˌmoʊ,'æləˌməʊ
alar%0A,'eɪlə,'eɪlə
alaric%0A,ˈælərɪk,ˈælərɪk
alarm%0A,əˈlɑrm,əˈlɑ:m
alarmed%0A,əˈlɑrmd,əˈlɑ:md
alarming%0A,əˈlɑrmɪŋ,əˈlɑ:mɪŋ
alarmist%0A,əˈlɑrmɪst,əˈlɑ:mɪst
alas%0A,əˈlæs,əˈlæs
alaska%0A,əˈlæskə,əˈlæskə
alba%0A,'ælbə,'ælbə
albacore%0A,'ælbəˌkoʊr,'ælbəkɔ:
albania%0A,æl'beɪnɪr,æl'beɪnɪə
albanian%0A,æl'beɪnɪrn,æl'beɪnɪən
albano%0A,ɑlˈbɑno,ɑ:lˈbɑ:nəʊ
albatross%0A,ˈælbətrɔs,ˈælbətrɒs
albeit%0A,"ɔlˈbiɪt, æl-",ˌɔ:lˈbi:ɪt
albee%0A,"ˈɔlbi, ˈɑl-, ˈæl-","ˈɔ:lbi:, ˈɔl-, ˈæl-"
albendazole%0A,æl'bendəoʊl,æl'bendəəʊl
albers%0A,"ˈælbəz, ˈɑl-","ˈælbəz, ˈɔl-"
albert%0A,ælˈbɚt,ˈælbət
alberta%0A,æl'bɜrtə,æl'bɜ:tə
alberti%0A,ɑlˈbɛrti,ɑ:lˈbeəti:
albino%0A,ælˈbaɪnoʊ,ælˈbi:nəʊ
albion%0A,ˈælbiən,ˈælbiən
albright%0A,"ˈɔlbraɪt, ˈɑl-","ˈɔ:lbraɪt, ˈɔl-"
album%0A,ˈælbəm,ˈælbəm
albumin%0A,ælˈbjumɪn,æl'bju:mɪn
albuquerque%0A,'ælbəkɜrkɪ,'ælbəkɜ:kɪ
albus%0A,'ælbʌs,'ælbʌs
albuterol%0A,ælb'jʊtərɒl,ælb'jʊtərɒl
alcatraz%0A,ˈælkəˌtræz,ˈælkətræz
alcazar%0A,æl'kæzɑ,æl'kæzɑ:
alchemically%0A,æl'kemɪklɪ,æl'kemɪklɪ
alchemy%0A,ˈælkəmi,ˈælkəmi
alchemist%0A,ˈælkəmɪst,ˈælkəmɪst
alcoholic%0A,ˌælkəˈhɔlɪk,ˌælkəˈhɒlɪk
alcohol%0A,ˈælkəhɔl,ˈælkəhɒl
alcoholism%0A,ˈælkəhɔlɪzəm,ˈælkəhɒlɪzəm
alcove%0A,ˈælkoʊv,ˈælkəʊv
alcott%0A,"ˈɔlkət, -kɑt, ˈɑl-",ˈɔ:lkət
aldebaran%0A,ælˈdɛbərən,ælˈdebərən
alder%0A,ˈɔldɚ,ˈɔ:ldə(r)
alden%0A,ˈɔldən,ˈɔ:ldən
aldermen%0A,'ɔldəmən,'ɔ:ldəmən
alderman%0A,ˈɔldərmən,ˈɔ:ldəmən
aldicarb%0A,ɔldɪ'kɑrb,ɔ:ldɪ'kɑ:rb
aldin%0A,'ældɪn,'ældɪn
aldrin%0A,'ældərɪn,'ældərɪn
ale%0A,el,eɪl
aleatory%0A,'elɪrtərɪ,'elɪətərɪ
alegria%0A,əlɡ'rɪr,əlɡ'rɪə
alehouse%0A,ˈelˌhaʊs,ˈeɪlhaʊs
aleichem%0A,"ɑˈlekɛm, -ūɛm","ɑ:ˈleɪkem, -ūem"
aleksandr%0A,ˌælɪg'zænd(ə)r,ˌælɪg'zænd(ə)r
aleph%0A,ə'lɪf,ə'lɪf
alerting%0A,ə'lɜtɪŋ,ə'lɜ:tɪŋ
alert%0A,əˈlɜrt,əˈlɜ:t
alertly%0A,ə'lɜtlɪ,ə'lɜ:tlɪ
alertness%0A,ə'lɜtnəs,ə'lɜ:tnəs
aleutian%0A,əˈluʃən,əˈlu:ʃən
alewife%0A,'eɪlwaɪf,'eɪlwaɪf
alewives%0A,'eɪlwaɪvz,'eɪlwaɪvz
alex%0A,'ælɪkʃ,'ælɪkʃ
alexander%0A,ˌælɪɡˈzændɚ,ˌælɪgˈzændə
alexandra%0A,ˌælɪɡ'zændrə,ˌælɪɡ'zɑ:ndrə
alexandria%0A,ˌælɪɡˈzændriə,ˌæliɡˈzɑ:ndriə
alexia%0A,ə'leksɪr,əˈleksiə
alexine%0A,æ'leksin,æ'leksi:n
alfa%0A,'ælfə,'ælfə
alfalfa%0A,ælˈfælfə,ælˈfælfə
alfieri%0A,"ælfiˈɛri, ɑlˈfjɛri","ælfi:ˈeəri:, ɑ:lˈfjeəri:"
algae%0A,ˈældʒi,ˈældʒi:
alfred%0A,'ælfrɪd,'ælfrɪd
algal%0A,'ælɡəl,'ælɡəl
algebraic%0A,ˌældʒəˈbreɪk,ˌældʒɪ'breɪɪk
algebra%0A,ˈældʒəbrə,ˈældʒɪbrə
algebraically%0A,ældʒəb'reɪklɪ,ældʒəb'reɪklɪ
alger%0A,ˈældʒɚ,ˈældʒə
algeria%0A,æl'dʒɪrɪr,æl'dʒɪərɪə
algerian%0A,æl'dʒɪrɪrn,æl'dʒɪərɪən
algiers%0A,ælˈdʒɪrz,ælˈdʒiəz
algonquian%0A,æl'ɡɑŋkwɪrn,æl'ɡɒŋkwɪən
algonquin%0A,"ælˈɡɑŋkwɪn, -kɪn",ælˈɡɔŋkwin
algorithm%0A,ˈælɡəˌrɪðəm,ˈælgərɪðəm
alhambra%0A,ælˈhæmbrə,ˌælˈhæmbrə
alias%0A,"ˈeliəs, ˈeljəs",ˈeɪliəs
aliases%0A,'eɪlɪrsɪz,'eɪlɪəsɪz
alibi%0A,ˈæləˌbaɪ,ˈæləbaɪ
alices%0A,æ'lɪsɪz,æ'lɪsɪz
alien%0A,"ˈeliən,ˈeljən",ˈeɪliən
alienate%0A,"ˈeljəˌnet, ˈeliə-",ˈeɪliəneɪt
alienated%0A,ˈeljənetɪd,'eɪljəneɪtɪd
alienation%0A,"ˌeljəˈneʃən, ˌeliə-",ˌeɪlɪə'neɪʃn
alig%0A,'əlɪɡ,'əlɪɡ
alight%0A,əˈlaɪt,əˈlaɪt
align%0A,əˈlaɪn,əˈlaɪn
aligning%0A,ə'laɪnɪŋ,ə'laɪnɪŋ
aligned%0A,ə'laɪnd,ə'laɪnd
alignment%0A,əˈlaɪnmənt,əˈlaɪnmənt
aligns%0A,ə'laɪnz,ə'laɪnz
alike%0A,əˈlaɪk,əˈlaɪk
alima%0A,ɑ'lɪmə,ɑ:'lɪmə
alimentary%0A,"ˌæləˈmɛntəri, -tri",ælɪ'mentərɪ
alimony%0A,ˈælɪmoʊni,ˈælɪməni
aline%0A,ə'laɪn,ə'laɪn
alive%0A,əˈlaɪv,əˈlaɪv
aliyah%0A,ə'lɪjə,ə'lɪjə
alka%0A,'ɔlkə,'ɔ:lkə
alkahest%0A,'ælkəhest,'ælkəhest
alkali%0A,ˈælkəˌlaɪ,ˈælkəlaɪ
alkalies%0A,'ælkəlaɪz,'ælkəlaɪz
alkaline%0A,"ˈælkəlɪn, -ˌlaɪn",ˈælkəlaɪn
alkalinity%0A,ˌælkəˈlɪnɪti,ˌælkəˈlɪnəti
alkaloidal%0A,ælkə'lɔɪdl,ælkə'lɔɪdl
alkaloid%0A,'ælkəlɔɪd,ˈælkəlɔɪd
alkaloids%0A,'ælkəlɔɪdz,'ælkəlɔɪdz
alkanes%0A,'ælkeɪnz,'ælkeɪnz
alkene%0A,ˈælˌkin,ˈælki:n
alkenes%0A,'ælkənz,'ælkənz
alkermes%0A,'ɔlkəmɪz,'ɔ:lkəmɪz
alla%0A,'ələ,'ələ
all%0A,ɔl,ɔ:l
allan%0A,'ælən,'ælən
